{
    "sparql_endpoint": "https://projects.dharc.unibo.it/musow/sparql",
    "template_mode": "statistics",
    "title": "Discover Music Data on the Web",
    "color_code": [
        "#34f98d",
        "#2c37ba"
    ],
    "user_name": "cesenacomics",
    "id": "1661525706.302688",
    "subtitle": "Shaping the landscape of music data on the web",
    "curator": "Giulia Renda",
    "description": "musoW is a catalogue of musical resources available on the web realized with the idea to support teachers in music education, creative industries, historians, and musicologists in finding what they need.",
    "action": "save",
    "dynamic_elements": [
        {
            "position": 1,
            "type": "text",
            "text": "The catalogue includes descriptions of several music-related web resources, with a focus on those that serve or allow users to manipulate music data in any form.",
            "operations": []
        },
        {
            "position": 2,
            "type": "count",
            "count_query": "SELECT (COUNT(*) AS ?count) WHERE {?s ?p <https://w3id.org/musow/vocab/repository>.}",
            "count_label": "Repositories",
            "operations": []
        },
        {
            "position": 3,
            "type": "count",
            "count_query": "SELECT (COUNT(*) AS ?count) WHERE {?s ?p <https://w3id.org/musow/vocab/catalogue>.}",
            "count_label": "Catalogues",
            "operations": []
        },
        {
            "position": 4,
            "type": "count",
            "count_query": "SELECT (COUNT(*) AS ?count) WHERE {?s ?p <https://w3id.org/musow/vocab/dataset>.}",
            "count_label": "Datasets",
            "operations": []
        },
        {
            "position": 5,
            "type": "count",
            "count_query": "SELECT (COUNT(*) AS ?count) WHERE {?s ?p <https://w3id.org/musow/vocab/digital-library>.}",
            "count_label": "Digital Libraries",
            "operations": []
        },
        {
            "position": 6,
            "type": "count",
            "count_query": "SELECT (COUNT(*) AS ?count) WHERE {?s ?p <https://w3id.org/musow/vocab/software>.}",
            "count_label": "Software",
            "operations": []
        },
        {
            "position": 7,
            "type": "text",
            "text": "We can observe the variety of content from a different perspective.",
            "operations": []
        },
        {
            "position": 8,
            "type": "chart",
            "chart_type": "barchart",
            "chart_query": "PREFIX musow: <https://w3id.org/musow/vocab/> SELECT ?label (COUNT(?content) AS ?count) WHERE { {?content ?p musow:repository . musow:repository rdfs:label ?label .} UNION {?content ?p musow:catalogue . musow:catalogue rdfs:label ?label .} UNION {?content ?p musow:dataset . musow:dataset rdfs:label ?label .} UNION {?content ?p musow:digital-library . musow:digital-library rdfs:label ?label .} UNION {?content ?p musow:software . musow:software rdfs:label ?label .} } GROUP BY ?label",
            "chart_series": "",
            "chart_title": "Content Overview",
            "operations": []
        },
        {
            "position": 9,
            "type": "text",
            "text": "We can also observe what is the trend of new content insertion on musoW, which is done by insiders but also by external authenticated users.",
            "operations": []
        },
        {
            "position": 10,
            "type": "chart",
            "chart_type": "linechart",
            "chart_query": "SELECT ?label (COUNT(?label) AS ?count) WHERE { { SELECT ?time (DAY(?time) AS ?label) WHERE { ?entry <http://www.w3.org/ns/prov#generatedAtTime> ?time . } } } GROUP BY ?label ORDER BY ?label",
            "chart_series": "",
            "chart_title": "New Entries per Day",
            "operations": []
        },
        {
            "position": 11,
            "type": "text",
            "text": "While collecting information about resources is important, we also focused on understanding the potential audience of the resources. We discovered that most of surveyed resources are targeted to scholars.",
            "operations": []
        },
        {
            "position": 12,
            "type": "chart",
            "chart_type": "doughnutchart",
            "chart_query": "SELECT ?label WHERE { ?entry ?p <https://w3id.org/musow/vocab/repository> . ?entry <https://schema.org/audience> ?audience . ?audience rdfs:label ?label . }",
            "chart_series": "",
            "chart_title": "Audience of music resources",
            "operations": [
                {
                    "action": "count",
                    "param": "label"
                }
            ]
        }
    ]
}